{"mileage": [55993.40694223937, 43546.652793744746], "horsepower": [154.02551366983448, 23.652139099171883], "mpg": [24.2300045815496, 5.945003003342255], "seller_rating": [4.253239857362854, 0.7012164495296226], "driver_rating": [4.626389196017497, 0.2708873041222213], "driver_reviews_num": [90.07572268648298, 115.36723955047654]}